"ClaimType","ClaimStatus","ClaimCount","TotalClaimAmount","AverageClaimAmount"
"Third Party Damage","Settled","686","187283309.71","273007.740102041"
"Accident","Pending","857","240203983.05","280284.694340723"
"Third Party Damage","Rejected","223","66111180.51","296462.692869955"
"Accident","Approved","1865","519622091.27","278617.743308311"
"Fire","Approved","289","87265208.9800001","301955.740415225"
"Accident","Settled","1555","452852965.9","291223.772282958"
"Third Party Damage","Approved","740","232730376.39","314500.508635135"
"Theft","Settled","527","153336331.35","290960.780550285"
"Theft","Pending","271","76296732.4199999","281537.75800738"
"Accident","Rejected","561","164942358.5","294014.899286988"
"Third Party Damage","Pending","373","109281621.13","292980.217506702"
"Natural Disaster","Pending","148","41641199.76","281359.457837838"
"Natural Disaster","Settled","244","71362303.9700001","292468.458893443"
"Fire","Rejected","81","24791407.98","306066.765185185"
"Theft","Approved","593","168091567.4","283459.64148398"
"Fire","Pending","142","40902197.29","288043.642887324"
"Fire","Settled","247","74198309.4","300398.013765182"
"Theft","Rejected","194","57447302.35","296120.115206186"
"Natural Disaster","Approved","303","87121497.22","287529.69379538"
"Natural Disaster","Rejected","101","29954496.07","296579.169009901"
