"PolicyType","PolicyStatus","PolicyCount","TotalPremium","AveragePremium"
"Comprehensive","Active","4571","165172982.44","36134.9775628966"
"Comprehensive","Renewed","3994","145129311.06","36336.8330145218"
"Comprehensive","Expired","6325","227705320.889999","36000.8412474307"
"Third Party","Renewed","1691","20421776.66","12076.7455115316"
"Zero Depreciation","Active","1131","54126673.2400001","47857.3591865606"
"Third Party","Expired","2596","31573246.72","12162.2676117103"
"Third Party","Active","1849","22604650.48","12225.3382801514"
"Zero Depreciation","Expired","1543","73379868.6499998","47556.6225858716"
"Zero Depreciation","Renewed","980","45466643.77","46394.5344591837"
"Comprehensive","Cancelled","195","6955948","35671.5282051282"
"Zero Depreciation","Cancelled","46","2105081.38","45762.6386956522"
"Third Party","Cancelled","79","927268.42","11737.5749367089"
